{
  "version": "30.1.0",
  "files": {
    "253e83e05c28ce291aa100e063329d38602a2301292d7b95e5647a0e76f444b0": {
      "source": {
        "path": "DeploymentPlanAppStack.template.json",
        "packaging": "file"
      },
      "destinations": {
        "current_account-current_region": {
          "bucketName": "cdk-hnb659fds-assets-${AWS::AccountId}-${AWS::Region}",
          "objectKey": "253e83e05c28ce291aa100e063329d38602a2301292d7b95e5647a0e76f444b0.json",
          "assumeRoleArn": "arn:${AWS::Partition}:iam::${AWS::AccountId}:role/cdk-hnb659fds-file-publishing-role-${AWS::AccountId}-${AWS::Region}"
        }
      }
    }
  },
  "dockerImages": {}
}