{
  "version": "30.1.0",
  "files": {
    "07786c072ce97942be1278d6bb78eb291ba1b205b8034732f3776f321d97cebe": {
      "source": {
        "path": "hello-world-stack.template.json",
        "packaging": "file"
      },
      "destinations": {
        "current_account-us-east-1": {
          "bucketName": "cdk-hnb659fds-assets-${AWS::AccountId}-us-east-1",
          "objectKey": "07786c072ce97942be1278d6bb78eb291ba1b205b8034732f3776f321d97cebe.json",
          "region": "us-east-1",
          "assumeRoleArn": "arn:${AWS::Partition}:iam::${AWS::AccountId}:role/cdk-hnb659fds-file-publishing-role-${AWS::AccountId}-us-east-1"
        }
      }
    }
  },
  "dockerImages": {}
}