{
  "version": "30.0.0",
  "files": {
    "9a7ea7a2b8daab9b22b839c71b23bbc1c2c346f6ca96196422977ff72ecebe22": {
      "source": {
        "path": "hello-world.template.json",
        "packaging": "file"
      },
      "destinations": {
        "current_account-current_region": {
          "bucketName": "cdk-hnb659fds-assets-${AWS::AccountId}-${AWS::Region}",
          "objectKey": "9a7ea7a2b8daab9b22b839c71b23bbc1c2c346f6ca96196422977ff72ecebe22.json",
          "assumeRoleArn": "arn:${AWS::Partition}:iam::${AWS::AccountId}:role/cdk-hnb659fds-file-publishing-role-${AWS::AccountId}-${AWS::Region}"
        }
      }
    }
  },
  "dockerImages": {}
}