{
  "version": "tree-0.1",
  "tree": {
    "id": "App",
    "path": "",
    "children": {
      "DeploymentPlanAppStack": {
        "id": "DeploymentPlanAppStack",
        "path": "DeploymentPlanAppStack",
        "children": {
          "deploy_cdk_app": {
            "id": "deploy_cdk_app",
            "path": "DeploymentPlanAppStack/deploy_cdk_app",
            "constructInfo": {
              "fqn": "@attini/cdk.AttiniCdk",
              "version": "1.2.1"
            }
          },
          "run_script": {
            "id": "run_script",
            "path": "DeploymentPlanAppStack/run_script",
            "constructInfo": {
              "fqn": "@attini/cdk.AttiniRunnerJob",
              "version": "1.2.1"
            }
          },
          "deployment_plan": {
            "id": "deployment_plan",
            "path": "DeploymentPlanAppStack/deployment_plan",
            "children": {
              "deployment_plan": {
                "id": "deployment_plan",
                "path": "DeploymentPlanAppStack/deployment_plan/deployment_plan",
                "constructInfo": {
                  "fqn": "aws-cdk-lib.CfnResource",
                  "version": "2.67.0"
                }
              }
            },
            "constructInfo": {
              "fqn": "@attini/cdk.DeploymentPlan",
              "version": "1.2.1"
            }
          },
          "CDKMetadata": {
            "id": "CDKMetadata",
            "path": "DeploymentPlanAppStack/CDKMetadata",
            "children": {
              "Default": {
                "id": "Default",
                "path": "DeploymentPlanAppStack/CDKMetadata/Default",
                "constructInfo": {
                  "fqn": "aws-cdk-lib.CfnResource",
                  "version": "2.67.0"
                }
              },
              "Condition": {
                "id": "Condition",
                "path": "DeploymentPlanAppStack/CDKMetadata/Condition",
                "constructInfo": {
                  "fqn": "aws-cdk-lib.CfnCondition",
                  "version": "2.67.0"
                }
              }
            },
            "constructInfo": {
              "fqn": "constructs.Construct",
              "version": "10.1.269"
            }
          },
          "BootstrapVersion": {
            "id": "BootstrapVersion",
            "path": "DeploymentPlanAppStack/BootstrapVersion",
            "constructInfo": {
              "fqn": "aws-cdk-lib.CfnParameter",
              "version": "2.67.0"
            }
          },
          "CheckBootstrapVersion": {
            "id": "CheckBootstrapVersion",
            "path": "DeploymentPlanAppStack/CheckBootstrapVersion",
            "constructInfo": {
              "fqn": "aws-cdk-lib.CfnRule",
              "version": "2.67.0"
            }
          }
        },
        "constructInfo": {
          "fqn": "@attini/cdk.AttiniDeploymentPlanStack",
          "version": "1.2.1"
        }
      },
      "Tree": {
        "id": "Tree",
        "path": "Tree",
        "constructInfo": {
          "fqn": "constructs.Construct",
          "version": "10.1.269"
        }
      }
    },
    "constructInfo": {
      "fqn": "aws-cdk-lib.App",
      "version": "2.67.0"
    }
  }
}